"","Min.","X1st.Qu.","Median","Mean","X3rd.Qu.","Max.","std","skewness","kurtosis"
"1",0,600,880,1191.02040816327,1480,4480,1054.11148386125,1.13030986254433,4.0373355009176
