"","mean","lower_bound","upper_bound"
"mean of x",1191.02040816327,888.244238468654,1493.79657785788
